CREATE TABLE Products (
    ProductID INT PRIMARY KEY,
    ProductName VARCHAR(100),
    Category VARCHAR(50),
    Price DECIMAL(10,2)
);

CREATE TABLE Sales (
    SaleID INT PRIMARY KEY,
    ProductID INT,
    Quantity INT,
    SaleDate DATE,
    FOREIGN KEY (ProductID) REFERENCES Products(ProductID)
);

INSERT INTO Products (ProductID, ProductName, Category, Price)
VALUES
(1, 'Samsung Galaxy S23', 'Electronics', 899.99),
(2, 'Apple iPhone 14', 'Electronics', 999.99),
(3, 'Sony WH-1000XM5 Headphones', 'Electronics', 349.99),
(4, 'Dell XPS 13 Laptop', 'Electronics', 1249.99),
(5, 'Organic Eggs (12 pack)', 'Groceries', 3.49),
(6, 'Whole Milk (1 gallon)', 'Groceries', 2.99),
(7, 'Alpen Cereal (500g)', 'Groceries', 4.75),
(8, 'Extra Virgin Olive Oil (1L)', 'Groceries', 8.99),
(9, 'Mens Cotton T-Shirt', 'Clothing', 12.99),
(10, 'Womens Jeans - Blue', 'Clothing', 39.99),
(11, 'Unisex Hoodie - Grey', 'Clothing', 29.99),
(12, 'Running Shoes - Black', 'Clothing', 59.95),
(13, 'Ceramic Dinner Plate Set (6 pcs)', 'Home & Kitchen', 24.99),
(14, 'Electric Kettle - 1.7L', 'Home & Kitchen', 34.90),
(15, 'Non-stick Frying Pan - 28cm', 'Home & Kitchen', 18.50),
(16, 'Atomic Habits - James Clear', 'Books', 15.20),
(17, 'Deep Work - Cal Newport', 'Books', 14.35),
(18, 'Rich Dad Poor Dad - Robert Kiyosaki', 'Books', 11.99),
(19, 'LEGO City Police Set', 'Toys', 49.99),
(20, 'Rubiks Cube 3x3', 'Toys', 7.99);

INSERT INTO Sales (SaleID, ProductID, Quantity, SaleDate)
VALUES
(1, 1, 2, '2025-04-01'),
(2, 1, 1, '2025-04-05'),
(3, 2, 1, '2025-04-10'),
(4, 2, 2, '2025-04-15'),
(5, 3, 3, '2025-04-18'),
(6, 3, 1, '2025-04-20'),
(7, 4, 2, '2025-04-21'),
(8, 5, 10, '2025-04-22'),
(9, 6, 5, '2025-04-01'),
(10, 6, 3, '2025-04-11'),
(11, 10, 2, '2025-04-08'),
(12, 12, 1, '2025-04-12'),
(13, 12, 3, '2025-04-14'),
(14, 19, 2, '2025-04-05'),
(15, 20, 4, '2025-04-19'),
(16, 1, 1, '2025-03-15'),
(17, 2, 1, '2025-03-10'),
(18, 5, 5, '2025-02-20'),
(19, 6, 6, '2025-01-18'),
(20, 10, 1, '2024-12-25'),
(21, 1, 1, '2024-04-20');
DROP TABLE IF EXISTS Sales;
DROP TABLE IF EXISTS Products;

select * from products 
select * from sales

-- 1?? temp table
-- Create temporary table
CREATE TABLE #MonthlySales (
    ProductID INT,
    TotalQuantity INT,
    TotalRevenue DECIMAL(12,2)
);

-- Insert aggregated data for current month
INSERT INTO #MonthlySales (ProductID, TotalQuantity, TotalRevenue)
SELECT 
    s.ProductID,
    SUM(s.Quantity) AS TotalQuantity,
    SUM(s.Quantity * p.Price) AS TotalRevenue
FROM Sales s
JOIN Products p ON s.ProductID = p.ProductID
WHERE YEAR(s.SaleDate) = YEAR(GETDATE()) 
  AND MONTH(s.SaleDate) = MONTH(GETDATE())
GROUP BY s.ProductID;

-- Check the results
SELECT * FROM #MonthlySales;



--2
-- 2?? view
CREATE OR ALTER VIEW vw_ProductSalesSummary AS
SELECT 
    p.ProductID,
    p.ProductName,
    p.Category,
    ISNULL(SUM(s.Quantity), 0) AS TotalQuantitySold
FROM Products p
LEFT JOIN Sales s ON p.ProductID = s.ProductID
GROUP BY p.ProductID, p.ProductName, p.Category;

--3 function
CREATE OR ALTER FUNCTION fn_GetTotalRevenueForProduct(@ProductID INT)
RETURNS DECIMAL(12,2)
AS
BEGIN
    DECLARE @TotalRevenue DECIMAL(12,2);

    SELECT @TotalRevenue = SUM(s.Quantity * p.Price)
    FROM Sales s
    JOIN Products p ON s.ProductID = p.ProductID
    WHERE p.ProductID = @ProductID;

    RETURN ISNULL(@TotalRevenue, 0);
END;
--4
 --function
 CREATE OR ALTER FUNCTION fn_GetSalesByCategory(@Category VARCHAR(50))
RETURNS TABLE
AS
RETURN
(
    SELECT 
        p.ProductName,
        ISNULL(SUM(s.Quantity), 0) AS TotalQuantity,
        ISNULL(SUM(s.Quantity * p.Price), 0) AS TotalRevenue
    FROM Products p
    LEFT JOIN Sales s ON p.ProductID = s.ProductID
    WHERE p.Category = @Category
    GROUP BY p.ProductName
);

SELECT * FROM dbo.fn_GetSalesByCategory('Electronics');
--5
CREATE OR ALTER FUNCTION dbo.fn_IsPrime (@Number INT)
RETURNS VARCHAR(3)
AS
BEGIN
    DECLARE @i INT = 2;
    DECLARE @IsPrime BIT = 1;

    -- 0, 1, and negative numbers are not prime
    IF @Number <= 1
        SET @IsPrime = 0;
    ELSE
    BEGIN
        WHILE @i <= SQRT(@Number)
        BEGIN
            IF @Number % @i = 0
            BEGIN
                SET @IsPrime = 0;
                BREAK;
            END
            SET @i += 1;
        END
    END

    IF @IsPrime = 1
        RETURN 'Yes';
    ELSE
        RETURN 'No';
END;
--6
CREATE OR ALTER FUNCTION dbo.fn_GetNumbersBetween
(
    @Start INT,
    @End INT
)
RETURNS @Numbers TABLE (Number INT)
AS
BEGIN
    DECLARE @i INT = @Start;

    WHILE @i <= @End
    BEGIN
        INSERT INTO @Numbers VALUES (@i);
        SET @i += 1;
    END

    RETURN;
END;

SELECT * FROM dbo.fn_GetNumbersBetween(3, 10);
--7
CREATE OR ALTER FUNCTION dbo.fn_GetNthHighestSalary(@N INT)
RETURNS TABLE
AS
RETURN
(
    SELECT 
        CASE 
            WHEN COUNT(DISTINCT salary) < @N THEN NULL
            ELSE (
                SELECT DISTINCT salary
                FROM Employee
                ORDER BY salary DESC
                OFFSET (@N - 1) ROWS
                FETCH NEXT 1 ROWS ONLY
            )
        END AS HighestNSalary
);
SELECT * FROM dbo.fn_GetNthHighestSalary(2);

--8
SELECT TOP 1 id, COUNT(*) AS num
FROM (
    SELECT requester_id AS id FROM RequestAccepted
    UNION ALL
    SELECT accepter_id AS id FROM RequestAccepted
) AS AllFriends
GROUP BY id
ORDER BY COUNT(*) DESC;
--9
CREATE TABLE Customers (
    customer_id INT PRIMARY KEY,
    name VARCHAR(100),
    city VARCHAR(50)
);

CREATE TABLE Orders (
    order_id INT PRIMARY KEY,
    customer_id INT FOREIGN KEY REFERENCES Customers(customer_id),
    order_date DATE,
    amount DECIMAL(10,2)
);

-- Customers
INSERT INTO Customers (customer_id, name, city)
VALUES
(1, 'Alice Smith', 'New York'),
(2, 'Bob Jones', 'Chicago'),
(3, 'Carol White', 'Los Angeles');

-- Orders
INSERT INTO Orders (order_id, customer_id, order_date, amount)
VALUES
(101, 1, '2024-12-10', 120.00),
(102, 1, '2024-12-20', 200.00),
(103, 1, '2024-12-30', 220.00),
(104, 2, '2025-01-12', 120.00),
(105, 2, '2025-01-20', 180.00);
CREATE OR ALTER VIEW vw_CustomerOrderSummary AS
SELECT 
    c.customer_id,
    c.name,
    COUNT(o.order_id) AS total_orders,
    ISNULL(SUM(o.amount), 0) AS total_amount,
    MAX(o.order_date) AS last_order_date
FROM Customers c
LEFT JOIN Orders o ON c.customer_id = o.customer_id
GROUP BY c.customer_id, c.name;

SELECT * FROM vw_CustomerOrderSummary;

--10
DROP TABLE IF EXISTS Gaps;

CREATE TABLE Gaps
(
RowNumber   INTEGER PRIMARY KEY,
TestCase    VARCHAR(100) NULL
);

INSERT INTO Gaps (RowNumber, TestCase) VALUES
(1,'Alpha'),(2,NULL),(3,NULL),(4,NULL),
(5,'Bravo'),(6,NULL),(7,NULL),(8,NULL),(9,NULL),(10,'Charlie'), (11, NULL), (12, NULL)

SELECT 
    g.RowNumber,
    FIRST_VALUE(TestCase) OVER (
        PARTITION BY grp ORDER BY RowNumber
    ) AS Workflow
FROM (
    SELECT *,
        SUM(CASE WHEN TestCase IS NOT NULL THEN 1 ELSE 0 END) 
            OVER (ORDER BY RowNumber ROWS UNBOUNDED PRECEDING) AS grp
    FROM Gaps
) AS g;
